prediction_date,target_date,horizon,predicted,actual,error,abs_error,pct_error
2025-03-11,2025-03-12,1,3813595.0111295343,3930416,116820.98887046566,116820.98887046566,2.9722296283768856
2025-03-11,2025-03-13,2,3812246.924889861,3899267,87020.07511013886,87020.07511013886,2.2317034229802384
2025-03-11,2025-03-14,3,3766030.3643364594,3767169,1138.6356635405682,1138.6356635405682,0.030225234480867946
2025-03-11,2025-03-15,4,3766030.3643364594,3496563,-269467.36433645943,269467.36433645943,7.706635468500337
2025-03-11,2025-03-16,5,3766030.3643364594,3572449,-193581.36433645943,193581.36433645943,5.418729961896151
2025-03-11,2025-03-17,6,3843997.0505313124,3775493,-68504.05053131236,68504.05053131236,1.8144398766283598
2025-03-11,2025-03-18,7,3843425.3244287255,3793054,-50371.32442872552,50371.32442872552,1.32798859253587
2025-03-18,2025-03-19,1,3839549.4995237133,3811907,-27642.499523713253,27642.499523713253,0.7251619602396715
2025-03-18,2025-03-20,2,3845507.372573414,3829032,-16475.372573413886,16475.372573413886,0.4302751341178106
2025-03-18,2025-03-21,3,3799290.812020012,3519830,-279460.8120200122,279460.8120200122,7.939611061330012
2025-03-18,2025-03-22,4,3799290.812020012,3728991,-70299.81202001218,70299.81202001218,1.885223429609033
2025-03-18,2025-03-23,5,3799290.812020012,3512647,-286643.8120200122,286643.8120200122,8.160336407843207
2025-03-18,2025-03-24,6,3875337.685872605,3614609,-260728.68587260507,260728.68587260507,7.213191962743553
2025-03-18,2025-03-25,7,3875337.685872605,3722511,-152826.68587260507,152826.68587260507,4.105473049578768
2025-03-25,2025-03-26,1,3853543.9595242194,3672689,-180854.9595242194,180854.9595242194,4.924320015231875
2025-03-25,2025-03-27,2,3852195.873284546,3736543,-115652.8732845462,115652.8732845462,3.0951837911284894
2025-03-25,2025-03-28,3,3808344.4293307136,3805644,-2700.4293307135813,2700.4293307135813,0.07095853765390514
2025-03-25,2025-03-29,4,3808344.4293307136,3503312,-305032.4293307136,305032.4293307136,8.706972982443858
2025-03-25,2025-03-30,5,3808344.4293307136,3602594,-205750.42933071358,205750.42933071358,5.711174485126928
2025-03-25,2025-03-31,6,3881352.3869451047,3741254,-140098.3869451047,140098.3869451047,3.744690602271449
2025-03-25,2025-04-01,7,3867409.882286469,3716763,-150646.882286469,150646.882286469,4.053174288661101
2025-04-01,2025-04-02,1,3807385.0165791446,3543824,-263561.01657914463,263561.01657914463,7.437192608299527
2025-04-01,2025-04-03,2,3807385.0165791446,3288170,-519215.01657914463,519215.01657914463,15.790394553175311
2025-04-01,2025-04-04,3,3761168.456025743,3112932,-648236.4560257429,648236.4560257429,20.823983820582747
2025-04-01,2025-04-05,4,3759598.4348269803,2954742,-804856.4348269803,804856.4348269803,27.239482663020336
2025-04-01,2025-04-06,5,3756995.9414337007,3326671,-430324.94143370073,430324.94143370073,12.935602631991582
2025-04-01,2025-04-07,6,3824831.111423203,3284203,-540628.1114232028,540628.1114232028,16.46147060407663
2025-04-01,2025-04-08,7,3822901.3394714845,3272990,-549911.3394714845,549911.3394714845,16.801497696952467
2025-04-08,2025-04-09,1,3304341.3211374492,3509410,205068.67886255076,205068.67886255076,5.843394726251728
2025-04-08,2025-04-10,2,3306066.280107332,3385868,79801.71989266807,79801.71989266807,2.3569058183209766
2025-04-08,2025-04-11,3,3306066.280107332,3278309,-27757.280107331928,27757.280107331928,0.8466950524594212
2025-04-08,2025-04-12,4,3303124.6950599095,3176469,-126655.69505990949,126655.69505990949,3.987310912208162
2025-04-08,2025-04-13,5,3310936.539193261,3375175,64238.46080673905,64238.46080673905,1.9032631139641365
2025-04-08,2025-04-14,6,3317134.2503350372,3655494,338359.74966496276,338359.74966496276,9.256197648387953
2025-04-08,2025-04-15,7,3305507.171207113,3669252,363744.8287928868,363744.8287928868,9.913323718100768
2025-04-15,2025-04-16,1,3622405.8213892244,3742275,119869.17861077562,119869.17861077562,3.2031098358826013
2025-04-15,2025-04-17,2,3640875.91369244,3616711,-24164.913692439906,24164.913692439906,0.6681461054654327
2025-04-15,2025-04-18,3,3651056.9295165143,3606081,-44975.9295165143,44975.9295165143,1.24722460522973
2025-04-15,2025-04-19,4,3622253.660627031,3535698,-86555.66062703077,86555.66062703077,2.4480501622884865
2025-04-15,2025-04-20,5,3622253.660627031,3574021,-48232.66062703077,48232.66062703077,1.3495348971657068
2025-04-15,2025-04-21,6,3657837.528338878,3592255,-65582.52833887795,65582.52833887795,1.8256646128651208
2025-04-15,2025-04-22,7,3657837.528338878,3677122,19284.47166112205,19284.47166112205,0.5244447059717369
2025-04-22,2025-04-23,1,3659290.172017786,3733309,74018.82798221381,74018.82798221381,1.9826601007903126
2025-04-22,2025-04-24,2,3695869.447164278,3597377,-98492.44716427801,98492.44716427801,2.737896171690596
2025-04-22,2025-04-25,3,3666445.3971706163,3391886,-274559.3971706163,274559.3971706163,8.094593897631475
2025-04-22,2025-04-26,4,3618571.7580258,3466467,-152104.75802579988,152104.75802579988,4.3878899763303645
2025-04-22,2025-04-27,5,3618571.7580258,3613186,-5385.758025799878,5385.758025799878,0.1490584217308458
2025-04-22,2025-04-28,6,3716783.4095579735,3628971,-87812.4095579735,87812.4095579735,2.4197605756004528
2025-04-22,2025-04-29,7,3716783.4095579735,3090053,-626730.4095579735,626730.4095579735,20.282189643930817
2025-04-29,2025-04-30,1,3240306.8335350105,3386292,145985.16646498954,145985.16646498954,4.3110625564773954
2025-04-29,2025-05-01,2,3176762.499778926,2601079,-575683.4997789259,575683.4997789259,22.132488085864594
2025-04-29,2025-05-02,3,3176762.499778926,1936982,-1239780.499778926,1239780.499778926,64.00578321217884
2025-04-29,2025-05-03,4,3173966.947740396,1926880,-1247086.947740396,1247086.947740396,64.72052996244686
2025-04-29,2025-05-04,5,3181778.7918737475,2067368,-1114410.7918737475,1114410.7918737475,53.90480997450611
2025-04-29,2025-05-05,6,3196183.165041945,1777598,-1418585.165041945,1418585.165041945,79.80348566109689
2025-04-29,2025-05-06,7,3204815.345356299,1891232,-1313583.345356299,1313583.345356299,69.45648896361203
2025-05-06,2025-05-07,1,1945663.5977986157,2002392,56728.402201384306,56728.402201384306,2.8330318040315934
2025-05-06,2025-05-08,2,1941862.8956686854,1978602,36739.104331314564,36739.104331314564,1.856821348169797
2025-05-06,2025-05-09,3,1942840.144238594,1751670,-191170.144238594,191170.144238594,10.913593555783565
2025-05-06,2025-05-10,4,1959054.7623152141,1876764,-82290.76231521415,82290.76231521415,4.384715516453542
2025-05-06,2025-05-11,5,1963790.0635209605,1918945,-44845.06352096051,44845.06352096051,2.336964505025444
2025-05-06,2025-05-12,6,1946640.8463685242,1784684,-161956.84636852425,161956.84636852425,9.074819204325484
2025-05-06,2025-05-13,7,1946640.8463685242,1821697,-124943.84636852425,124943.84636852425,6.858651376629826
2025-05-13,2025-05-14,1,2085234.9009094913,1878407,-206827.90090949135,206827.90090949135,11.010813998749544
2025-05-13,2025-05-15,2,2081434.1987795616,1769587,-311847.19877956156,311847.19877956156,17.62259774622901
2025-05-13,2025-05-16,3,2077807.1940659801,1953588,-124219.19406598015,124219.19406598015,6.358515411948688
2025-05-13,2025-05-17,4,2075151.7232093546,1991469,-83682.72320935456,83682.72320935456,4.202060047600769
2025-05-13,2025-05-18,5,2078434.7828100617,2215162,136727.2171899383,136727.2171899383,6.1723348987540545
2025-05-13,2025-05-19,6,2081815.7297065123,2083828,2012.2702934877016,2012.2702934877016,0.09656604544557908
2025-05-13,2025-05-20,7,2085150.5900741993,1922936,-162214.59007419925,162214.59007419925,8.435776857586486
2025-05-20,2025-05-21,1,2109925.8126769657,1923434,-186491.81267696572,186491.81267696572,9.695773947895573
2025-05-20,2025-05-22,2,2106125.1105470364,1877496,-228629.1105470364,228629.1105470364,12.177342084725423
2025-05-20,2025-05-23,3,2106125.1105470364,2013824,-92301.1105470364,92301.1105470364,4.583375237708777
2025-05-20,2025-05-24,4,2106125.1105470364,1965660,-140465.1105470364,140465.1105470364,7.145951514862
2025-05-20,2025-05-25,5,2105923.4690610594,1939601,-166322.4690610594,166322.4690610594,8.575086786460691
2025-05-20,2025-05-26,6,2108247.3344572135,1838863,-269384.3344572135,269384.3344572135,14.649505398564958
2025-05-20,2025-05-27,7,2122184.1247506854,1827921,-294263.1247506854,294263.1247506854,16.09824082937312
2025-05-27,2025-05-28,1,2069687.2562246898,1973811,-95876.25622468977,95876.25622468977,4.857418274834306
2025-05-27,2025-05-29,2,2063352.0441525488,1908198,-155154.04415254877,155154.04415254877,8.130919545694356
2025-05-27,2025-05-30,3,2063352.0441525488,1896681,-166671.04415254877,166671.04415254877,8.787510612092849
2025-05-27,2025-05-31,4,2063352.0441525488,1915602,-147750.04415254877,147750.04415254877,7.712982349806942
2025-05-27,2025-06-01,5,2041044.3410161799,2080933,39888.65898382012,39888.65898382012,1.9168641654402192
2025-05-27,2025-06-02,6,2039567.5042824042,1965242,-74325.5042824042,74325.5042824042,3.7820026379654115
2025-05-27,2025-06-03,7,2039567.5042824042,1915496,-124071.5042824042,124071.5042824042,6.477252068519287
2025-06-03,2025-06-04,1,1895066.2787141746,2013158,118091.72128582536,118091.72128582536,5.865993691792962
2025-06-03,2025-06-05,2,1888609.197374833,1830359,-58250.19737483305,58250.19737483305,3.182446578776789
2025-06-03,2025-06-06,3,1909865.50884301,1544432,-365433.50884301006,365433.50884301006,23.661353095701855
2025-06-03,2025-06-07,4,1915322.9095211525,1622021,-293301.9095211525,293301.9095211525,18.082497669336743
2025-06-03,2025-06-08,5,1946729.1017645297,1759985,-186744.1017645297,186744.1017645297,10.610550758360423
2025-06-03,2025-06-09,6,1882720.6222991,1667767,-214953.62229910004,214953.62229910004,12.888708212783923
2025-06-03,2025-06-10,7,1883762.7129884453,1625806,-257956.7129884453,257956.7129884453,15.86638953161972
2025-06-10,2025-06-11,1,1957744.6652356812,1661620,-296124.6652356812,296124.6652356812,17.82144324428457
2025-06-10,2025-06-12,2,1957740.4967100534,1605323,-352417.4967100534,352417.4967100534,21.95305846300423
2025-06-10,2025-06-13,3,1957740.4967100534,1691991,-265749.4967100534,265749.4967100534,15.706318574392736
2025-06-10,2025-06-14,4,1958481.0978466915,1726837,-231644.0978466915,231644.0978466915,13.41435803417992
2025-06-10,2025-06-15,5,1997762.276672245,1605632,-392130.276672245,392130.276672245,24.4221762316798
2025-06-10,2025-06-16,6,1958467.9486440832,1774850,-183617.94864408323,183617.94864408323,10.345547434661139
2025-06-10,2025-06-17,7,1960409.1573497541,1149769,-810640.1573497541,810640.1573497541,70.50461069569226
2025-06-17,2025-06-18,1,1969089.9394243984,1119060,-850029.9394243984,850029.9394243984,75.95928184587049
2025-06-17,2025-06-19,2,1968762.1144226529,1053818,-914944.1144226529,914944.1144226529,86.82183398107196
2025-06-17,2025-06-20,3,1968762.1144226529,1073789,-894973.1144226529,894973.1144226529,83.34720456464471
2025-06-17,2025-06-21,4,1969502.7155592907,1112979,-856523.7155592907,856523.7155592907,76.95776070880859
2025-06-17,2025-06-22,5,2013844.382191251,1130102,-883742.382191251,883742.382191251,78.20023167742832
2025-06-17,2025-06-23,6,1954943.2713413108,1041601,-913342.2713413108,913342.2713413108,87.68638579852657
2025-06-17,2025-06-24,7,1954943.2713413108,1043178,-911765.2713413108,911765.2713413108,87.40265528426701
2025-06-24,2025-06-25,1,1950397.1797151626,1044376,-906021.1797151626,906021.1797151626,86.7523937466164
2025-06-24,2025-06-26,2,1950069.3547134171,1098367,-851702.3547134171,851702.3547134171,77.54260230992165
2025-06-24,2025-06-27,3,1950069.3547134171,1114592,-835477.3547134171,835477.3547134171,74.95813308487924
2025-06-24,2025-06-28,4,1950809.9558500554,1067020,-883789.9558500554,883789.9558500554,82.82787162846577
2025-06-24,2025-06-29,5,2001127.3581310571,1111414,-889713.3581310571,889713.3581310571,80.05237995301995
2025-06-24,2025-06-30,6,1935210.062100825,889942,-1045268.0621008249,1045268.0621008249,117.45350394754095
2025-06-24,2025-07-01,7,1966680.1556198234,311477,-1655203.1556198234,1655203.1556198234,531.4046159491145
2025-07-01,2025-07-02,1,659440.4736218505,539292,-120148.47362185048,120148.47362185048,22.278927486751236
2025-07-01,2025-07-03,2,659369.4793017829,619661,-39708.47930178291,39708.47930178291,6.408097217959967
2025-07-01,2025-07-04,3,659369.4793017829,681677,22307.520698217093,22307.520698217093,3.2724473171629813
2025-07-01,2025-07-05,4,651345.6208081057,678740,27394.379191894317,27394.379191894317,4.036063764017785
2025-07-01,2025-07-06,5,653143.6874917414,656598,3454.3125082586193,3454.3125082586193,0.5260924505189811
2025-07-01,2025-07-07,6,622671.3546760327,653429,30757.64532396733,30757.64532396733,4.707113599789316
2025-07-01,2025-07-08,7,625713.5163776982,687039,61325.483622301836,61325.483622301836,8.926055671119373
2025-07-08,2025-07-09,1,690117.9671791118,656789,-33328.96717911179,33328.96717911179,5.07453187844373
2025-07-08,2025-07-10,2,684186.0410433336,658441,-25745.041043333593,25745.041043333593,3.9099996876460597
2025-07-08,2025-07-11,3,684186.0410433336,652589,-31597.041043333593,31597.041043333593,4.841797983621175
2025-07-08,2025-07-12,4,684186.0410433336,625809,-58377.04104333359,58377.04104333359,9.328252077444331
2025-07-08,2025-07-13,5,685984.1077269693,600056,-85928.10772696929,85928.10772696929,14.320014753117924
2025-07-08,2025-07-14,6,664414.8684286365,621921,-42493.86842863646,42493.86842863646,6.8326794606769115
2025-07-08,2025-07-15,7,664414.8684286365,596349,-68065.86842863646,68065.86842863646,11.413764159684423
2025-07-15,2025-07-16,1,545417.4562212491,557543,12125.543778750929,12125.543778750929,2.174817687380333
2025-07-15,2025-07-17,2,545417.4562212491,531820,-13597.456221249071,13597.456221249071,2.556777898771966
2025-07-15,2025-07-18,3,545417.4562212491,607709,62291.54377875093,62291.54377875093,10.250225647267182
2025-07-15,2025-07-19,4,545417.4562212491,594948,49530.54377875093,49530.54377875093,8.325188718804153
2025-07-15,2025-07-20,5,566487.1010048628,541151,-25336.10100486281,25336.10100486281,4.681891192081842
2025-07-15,2025-07-21,6,540784.0022543875,570477,29692.99774561252,29692.99774561252,5.204942135373121
2025-07-15,2025-07-22,7,540784.0022543875,603817,63032.99774561252,63032.99774561252,10.439089615829385
2025-07-22,2025-07-23,1,590766.2664593452,689735,98968.73354065476,98968.73354065476,14.348805489159572
2025-07-22,2025-07-24,2,590766.2664593452,1274993,684226.7335406548,684226.7335406548,53.66513647844771
2025-07-22,2025-07-25,3,590766.2664593452,687125,96358.73354065476,96358.73354065476,14.023464950431839
2025-07-22,2025-07-26,4,590766.2664593452,587447,-3319.2664593452355,3319.2664593452355,0.5650324981394468
2025-07-22,2025-07-27,5,589601.171975823,567765,-21836.171975823003,21836.171975823003,3.8459876843100584
2025-07-22,2025-07-28,6,563898.0732253477,580009,16110.926774652326,16110.926774652326,2.7777028933434353
2025-07-22,2025-07-29,7,563898.0732253477,577780,13881.926774652326,13881.926774652326,2.402631931643935
2025-07-29,2025-07-30,1,641334.4317221427,589554,-51780.43172214273,51780.43172214273,8.782983699905817
2025-07-29,2025-07-31,2,649467.82820328,553995,-95472.82820327999,95472.82820327999,17.233518028733112
2025-07-29,2025-08-01,3,625169.4299299596,764126,138956.5700700404,138956.5700700404,18.185033629275853
2025-07-29,2025-08-02,4,625169.4299299596,569653,-55516.42992995959,55516.42992995959,9.74565743179788
2025-07-29,2025-08-03,5,632406.1847657886,480429,-151977.1847657886,151977.1847657886,31.633640926294753
2025-07-29,2025-08-04,6,644126.6946162933,496858,-147268.6946162933,147268.6946162933,29.639996662284457
2025-07-29,2025-08-05,7,642084.9322823425,646544,4459.067717657541,4459.067717657541,0.6896773796767955
2025-08-05,2025-08-06,1,622849.0291908176,605591,-17258.029190817615,17258.029190817615,2.8497829708198466
2025-08-05,2025-08-07,2,631633.3817951046,641014,9380.618204895407,9380.618204895407,1.4634030153624424
2025-08-05,2025-08-08,3,636763.4444601438,674226,37462.5555398562,37462.5555398562,5.556379543336537
2025-08-05,2025-08-09,4,635701.9580938366,678392,42690.041906163446,42690.041906163446,6.292828026592804
2025-08-05,2025-08-10,5,635701.9580938366,642076,6374.041906163446,6374.041906163446,0.992723899688424
2025-08-05,2025-08-11,6,622849.0291908176,675231,52381.970809182385,52381.970809182385,7.757637135910879
2025-08-05,2025-08-12,7,622849.0291908176,739406,116556.97080918238,116556.97080918238,15.763595481938527
2025-08-12,2025-08-13,1,722571.4648539413,673853,-48718.46485394135,48718.46485394135,7.229835714012009
2025-08-12,2025-08-14,2,740002.987715693,633217,-106785.98771569296,106785.98771569296,16.864043087234386
2025-08-12,2025-08-15,3,739283.4044989315,594624,-144659.4044989315,144659.4044989315,24.32787854155424
2025-08-12,2025-08-16,4,739283.4044989315,597692,-141591.4044989315,141591.4044989315,23.689693771864352
2025-08-12,2025-08-17,5,739283.4044989315,556367,-182916.4044989315,182916.4044989315,32.87693276181576
2025-08-12,2025-08-18,6,703759.0588935622,552554,-151205.05889356218,151205.05889356218,27.364756909471687
2025-08-12,2025-08-19,7,703759.0588935622,595531,-108228.05889356218,108228.05889356218,18.173371141647067
2025-08-19,2025-08-20,1,576114.8107042364,741633,165518.18929576362,165518.18929576362,22.31807232091393
2025-08-19,2025-08-21,2,588909.3362965665,597704,8794.66370343347,8794.66370343347,1.4714078713599827
2025-08-19,2025-08-22,3,588189.753079805,600054,11864.246920194943,11864.246920194943,1.977196539010646
2025-08-19,2025-08-23,4,590315.2130431938,553058,-37257.2130431938,37257.2130431938,6.73658333180133
2025-08-19,2025-08-24,5,590315.2130431938,564234,-26081.2130431938,26081.2130431938,4.622410745044396
2025-08-19,2025-08-25,6,571116.7291818254,540023,-31093.729181825416,31093.729181825416,5.757852754757745
2025-08-19,2025-08-26,7,571116.7291818254,602716,31599.270818174584,31599.270818174584,5.242812671005015
2025-08-26,2025-08-27,1,714282.5420719326,584675,-129607.54207193258,129607.54207193258,22.167450647271146
2025-08-26,2025-08-28,2,714282.5420719326,623502,-90780.54207193258,90780.54207193258,14.559783620891768
2025-08-26,2025-08-29,3,715343.4908810867,575488,-139855.49088108668,139855.49088108668,24.302069005971745
2025-08-26,2025-08-30,4,715343.4908810867,581054,-134289.49088108668,134289.49088108668,23.111361574154326
2025-08-26,2025-08-31,5,711071.5668788675,575965,-135106.56687886745,135106.56687886745,23.457426558708853
2025-08-26,2025-09-01,6,707348.7626912454,594759,-112589.76269124541,112589.76269124541,18.930316765487433
2025-08-26,2025-09-02,7,706792.2709440277,555274,-151518.2709440277,151518.2709440277,27.287117881267207
2025-09-02,2025-09-03,1,749226.5173930683,605992,-143234.5173930683,143234.5173930683,23.636371007054265
2025-09-02,2025-09-04,2,747442.9558326484,341584,-405858.95583264844,405858.95583264844,118.8167349268843
2025-09-02,2025-09-05,3,748503.9046418025,196760,-551743.9046418025,551743.9046418025,280.41466997448794
2025-09-02,2025-09-06,4,748503.9046418025,171011,-577492.9046418025,577492.9046418025,337.6934259444144
2025-09-02,2025-09-07,5,744231.9806395833,111605,-632626.9806395833,632626.9806395833,566.8446580705016
2025-09-02,2025-09-08,6,747639.461889013,92446,-655193.461889013,655193.461889013,708.7310017621237
2025-09-02,2025-09-09,7,749226.5173930683,152175,-597051.5173930683,597051.5173930683,392.3453375344625
2025-09-09,2025-09-10,1,732982.0572906508,116980,-616002.0572906508,616002.0572906508,526.5874998210385
2025-09-09,2025-09-11,2,733931.3846872667,208460,-525471.3846872667,525471.3846872667,252.07300426329593
2025-09-09,2025-09-12,3,734337.6929532285,137293,-597044.6929532285,597044.6929532285,434.8689976570025
2025-09-09,2025-09-13,4,730079.8643871453,238844,-491235.86438714527,491235.86438714527,205.67226490393114
2025-09-09,2025-09-14,5,730079.8643871453,116622,-613457.8643871453,613457.8643871453,526.0224180576095
2025-09-09,2025-09-15,6,729904.6506882495,95937,-633967.6506882495,633967.6506882495,660.8166303806138
2025-09-09,2025-09-16,7,730018.0170262819,188943,-541075.0170262819,541075.0170262819,286.3694431793091
2025-09-16,2025-09-17,1,828255.0333284633,179330,-648925.0333284633,648925.0333284633,361.86083384177954
2025-09-16,2025-09-18,2,826471.4717680435,154300,-672171.4717680435,672171.4717680435,435.6263588905013
2025-09-16,2025-09-19,3,826471.4717680435,149361,-677110.4717680435,677110.4717680435,453.33820191887
2025-09-16,2025-09-20,4,826471.4717680435,161828,-664643.4717680435,664643.4717680435,410.70981027266197
2025-09-16,2025-09-21,5,818273.1832979212,107549,-710724.1832979212,710724.1832979212,660.8375561817601
2025-09-16,2025-09-22,6,820056.7448583411,119618,-700438.7448583411,700438.7448583411,585.5629962533574
2025-09-16,2025-09-23,7,820056.7448583411,252016,-568040.7448583411,568040.7448583411,225.3986829639154
2025-09-23,2025-09-24,1,213686.00941047055,171189,-42497.00941047055,42497.00941047055,24.82461455494836
2025-09-23,2025-09-25,2,214388.9381158319,224831,10442.061884168099,10442.061884168099,4.644404857056233
2025-09-23,2025-09-26,3,214388.9381158319,200869,-13519.938115831901,13519.938115831901,6.7307240618671385
2025-09-23,2025-09-27,4,214388.9381158319,155567,-58821.9381158319,58821.9381158319,37.81132124154345
2025-09-23,2025-09-28,5,213531.23936229554,140041,-73490.23936229554,73490.23936229554,52.47765965845398
2025-09-23,2025-09-29,6,207802.2749789281,173265,-34537.27497892809,34537.27497892809,19.933209233791068
2025-09-23,2025-09-30,7,213686.00941047055,215088,1401.9905895294505,1401.9905895294505,0.6518218540920231
2025-09-30,2025-10-01,1,177896.84193802948,163852,-14044.84193802948,14044.84193802948,8.571663414562824
2025-09-30,2025-10-02,2,177964.36380328162,124451,-53513.36380328162,53513.36380328162,42.99954504446057
2025-09-30,2025-10-03,3,171214.71133502864,120933,-50281.71133502864,50281.71133502864,41.578155950012516
2025-09-30,2025-10-04,4,169154.81518541282,119875,-49279.81518541282,49279.81518541282,41.10933487834229
2025-09-30,2025-10-05,5,163733.30065974582,99647,-64086.300659745815,64086.300659745815,64.31332670300743
2025-09-30,2025-10-06,6,162589.86249011374,99044,-63545.86249011374,63545.86249011374,64.15922467803577
2025-09-30,2025-10-07,7,168582.3702612841,115721,-52861.370261284086,52861.370261284086,45.680015089123046
2025-10-07,2025-10-08,1,163033.47831810638,109819,-53214.47831810638,53214.47831810638,48.45653149100464
2025-10-07,2025-10-09,2,163686.25610116942,129620,-34066.25610116942,34066.25610116942,26.281635628120213
2025-10-07,2025-10-10,3,163686.25610116942,135977,-27709.25610116942,27709.25610116942,20.377899277943637
2025-10-07,2025-10-11,4,163686.25610116942,652961,489274.7438988306,489274.7438988306,74.93169483304985
2025-10-07,2025-10-12,5,163338.2078691181,624204,460865.7921308819,460865.7921308819,73.83255988921601
2025-10-07,2025-10-13,6,158135.87698623212,657215,499079.1230137679,499079.1230137679,75.93848634218145
2025-10-07,2025-10-14,7,164128.38475740235,700627,536498.6152425976,536498.6152425976,76.57407083121228
2025-10-14,2025-10-15,1,516076.74312699493,754022,237945.25687300507,237945.25687300507,31.55680562012847
2025-10-14,2025-10-16,2,544255.0817361024,687446,143190.91826389765,143190.91826389765,20.829405984455164
2025-10-14,2025-10-17,3,544255.0817361024,763400,219144.91826389765,219144.91826389765,28.706434145126757
2025-10-14,2025-10-18,4,544255.0817361024,910816,366560.91826389765,366560.91826389765,40.245331468035
2025-10-14,2025-10-19,5,538564.4061198343,706039,167474.59388016572,167474.59388016572,23.720303535663852
2025-10-14,2025-10-20,6,542423.6996277004,639897,97473.30037229962,97473.30037229962,15.232654688535751
2025-10-14,2025-10-21,7,542423.6996277004,446728,-95695.69962770038,95695.69962770038,21.421468908978255
2025-10-21,2025-10-22,1,499520.3636109415,528856,29335.63638905849,29335.63638905849,5.546998878533758
2025-10-21,2025-10-23,2,502930.5605471222,583807,80876.43945287779,80876.43945287779,13.85328361134378
2025-10-21,2025-10-24,3,506544.32099026523,779680,273135.67900973477,273135.67900973477,35.031766751710286
2025-10-21,2025-10-25,4,508882.5976433979,768890,260007.40235660208,260007.40235660208,33.81594276900494
2025-10-21,2025-10-26,5,508981.8542273696,548746,39764.14577263041,39764.14577263041,7.246366401327829
2025-10-21,2025-10-27,6,502930.5605471222,531811,28880.439452877792,28880.439452877792,5.430583318674828
2025-10-21,2025-10-28,7,502930.5605471222,596206,93275.43945287779,93275.43945287779,15.644834076288697
2025-10-28,2025-10-29,1,680994.7210716029,559179,-121815.7210716029,121815.7210716029,21.784745326917303
2025-10-28,2025-10-30,2,680994.7210716029,592740,-88254.7210716029,88254.7210716029,14.8892804723155
2025-10-28,2025-10-31,3,680994.7210716029,568779,-112215.7210716029,112215.7210716029,19.729230697969317
2025-10-28,2025-11-01,4,640875.2750062679,547857,-93018.27500626794,93018.27500626794,16.978568313678196
2025-10-28,2025-11-02,5,643453.601607508,498711,-144742.60160750803,144742.60160750803,29.02334249846264
2025-10-28,2025-11-03,6,656155.1609686583,506828,-149327.16096865828,149327.16096865828,29.4630843143351
2025-10-28,2025-11-04,7,668820.3785904286,552270,-116550.37859042862,116550.37859042862,21.103876471730967
2025-11-04,2025-11-05,1,574821.6304940494,569888,-4933.630494049401,4933.630494049401,0.8657193157338637
2025-11-04,2025-11-06,2,574821.6304940494,669029,94207.3695059506,94207.3695059506,14.081208662995264
2025-11-04,2025-11-07,3,574821.6304940494,605405,30583.3695059506,30583.3695059506,5.051720667313715
2025-11-04,2025-11-08,4,574821.6304940494,513782,-61039.6304940494,61039.6304940494,11.880453284476568
2025-11-04,2025-11-09,5,574091.2216781722,194217,-379874.22167817224,379874.22167817224,195.5926729782523
2025-11-04,2025-11-10,6,572619.7346283759,140908,-431711.73462837585,431711.73462837585,306.37844169839605
2025-11-04,2025-11-11,7,574821.6304940494,167817,-407004.6304940494,407004.6304940494,242.52884421366693
2025-11-11,2025-11-12,1,510038.2120868351,140036,-370002.2120868351,370002.2120868351,264.2193522285949
2025-11-11,2025-11-13,2,510038.2120868351,164728,-345310.2120868351,345310.2120868351,209.62447919408666
2025-11-11,2025-11-14,3,510038.2120868351,250730,-259308.21208683512,259308.21208683512,103.42129465434336
2025-11-11,2025-11-15,4,504972.5121381679,164857,-340115.5121381679,340115.5121381679,206.30941490999345
2025-11-11,2025-11-16,5,503825.29318125953,170834,-332991.29318125953,332991.29318125953,194.9209719267005
2025-11-11,2025-11-17,6,502770.6162724944,103192,-399578.6162724944,399578.6162724944,387.21859860502207
2025-11-11,2025-11-18,7,504972.5121381679,143089,-361883.5121381679,361883.5121381679,252.90798883084506
2025-11-18,2025-11-19,1,116338.56090485051,104352,-11986.560904850514,11986.560904850514,11.486661400692382
2025-11-18,2025-11-20,2,116338.56090485051,217011,100672.43909514949,100672.43909514949,46.39047748508116
2025-11-18,2025-11-21,3,116338.56090485051,133717,17378.439095149486,17378.439095149486,12.996432088028811
2025-11-18,2025-11-22,4,116338.56090485051,105407,-10931.560904850514,10931.560904850514,10.370811146176738
2025-11-18,2025-11-23,5,105219.86253778709,110485,5265.137462212908,5265.137462212908,4.765477179900356
2025-11-18,2025-11-24,6,116338.56090485051,136200,19861.439095149486,19861.439095149486,14.582554401725027
2025-11-18,2025-11-25,7,116338.56090485051,125745,9406.439095149486,9406.439095149486,7.480567096226082
2025-11-25,2025-11-26,1,236050.86304339304,125712,-110338.86304339304,110338.86304339304,87.77114598717151
2025-11-25,2025-11-27,2,236050.86304339304,126358,-109692.86304339304,109692.86304339304,86.81117384209392
2025-11-25,2025-11-28,3,241249.6969066635,158262,-82987.6969066635,82987.6969066635,52.43690646312034
2025-11-25,2025-11-29,4,241249.6969066635,140822,-100427.6969066635,100427.6969066635,71.31534625744807
2025-11-25,2025-11-30,5,229018.1723125529,94894,-134124.1723125529,134124.1723125529,141.34104612784043
2025-11-25,2025-12-01,6,178524.99990685904,127188,-51336.99990685904,51336.99990685904,40.36308449449558
2025-11-25,2025-12-02,7,180473.2889403495,106769,-73704.2889403495,73704.2889403495,69.03154374429798
2025-12-02,2025-12-03,1,249433.25215971377,129417,-120016.25215971377,120016.25215971377,92.73607961837608
2025-12-02,2025-12-04,2,249433.25215971377,142035,-107398.25215971377,107398.25215971377,75.61393470603286
2025-12-02,2025-12-05,3,249433.25215971377,181107,-68326.25215971377,68326.25215971377,37.72700787916191
2025-12-02,2025-12-06,4,249433.25215971377,101743,-147690.25215971377,147690.25215971377,145.1601114177032
2025-12-02,2025-12-07,5,237988.01479688555,87177,-150811.01479688555,150811.01479688555,172.9940406264101
2025-12-02,2025-12-08,6,249433.25215971377,63712,-185721.25215971377,185721.25215971377,291.5012119533428
2025-12-02,2025-12-09,7,249433.25215971377,157747,-91686.25215971377,91686.25215971377,58.122342839935946
2025-12-09,2025-12-10,1,256470.40407189727,125046,-131424.40407189727,131424.40407189727,105.10084614613604
2025-12-09,2025-12-11,2,296567.03145491245,85735,-210832.03145491245,210832.03145491245,245.9112748059864
2025-12-09,2025-12-12,3,301765.8653181829,90800,-210965.8653181829,210965.8653181829,232.34126136363759
2025-12-09,2025-12-13,4,301765.8653181829,138859,-162906.8653181829,162906.8653181829,117.31818990355893
2025-12-09,2025-12-14,5,290320.62795535463,99320,-191000.62795535463,191000.62795535463,192.3083245623788
2025-12-09,2025-12-15,6,296567.03145491245,262947,-33620.031454912445,33620.031454912445,12.785858539900605
2025-12-09,2025-12-16,7,296567.03145491245,320517,23949.968545087555,23949.968545087555,7.472292747369891
2025-12-16,2025-12-17,1,371558.51476326317,359568,-11990.51476326317,11990.51476326317,3.334700185573569
2025-12-16,2025-12-18,2,376056.3000075391,332507,-43549.3000075391,43549.3000075391,13.097258105104284
2025-12-16,2025-12-19,3,387649.8913102148,319648,-68001.89131021482,68001.89131021482,21.273992426110855
2025-12-16,2025-12-20,4,387649.8913102148,396153,8503.108689785178,8503.108689785178,2.1464203703582148
2025-12-16,2025-12-21,5,366077.8022571456,421826,55748.19774285442,55748.19774285442,13.215922618059203
2025-12-16,2025-12-22,6,388743.3630698792,413746,25002.636930120818,25002.636930120818,6.042991818681225
2025-12-16,2025-12-23,7,386400.17217442824,407692,21291.82782557176,21291.82782557176,5.222527747802694
2025-12-23,2025-12-24,1,356183.93026063987,530950,174766.06973936013,174766.06973936013,32.915730245665344
2025-12-23,2025-12-25,2,356183.93026063987,346956,-9227.93026063987,9227.93026063987,2.659683147327001
2025-12-23,2025-12-26,3,353920.23370939214,308512,-45408.23370939214,45408.23370939214,14.718465962229066
2025-12-23,2025-12-27,4,353920.23370939214,318712,-35208.23370939214,35208.23370939214,11.047037359557262
2025-12-23,2025-12-28,5,337145.3644472045,284581,-52564.36444720451,52564.36444720451,18.470791952802372
2025-12-23,2025-12-29,6,538538.5152842936,262074,-276464.51528429356,276464.51528429356,105.49101218903576
2025-12-23,2025-12-30,7,538538.5152842936,320115,-218423.51528429356,218423.51528429356,68.23282735401139
2025-12-30,2025-12-31,1,524106.47878902906,270232,-253874.47878902906,253874.47878902906,93.94686002732062
2025-12-30,2026-01-01,2,493039.4131082663,224773,-268266.4131082663,268266.4131082663,119.34992775300695
2025-12-30,2026-01-02,3,501653.0962039494,213862,-287791.0962039494,287791.0962039494,134.56859853735094
2025-12-30,2026-01-03,4,508585.45312644413,260175,-248410.45312644413,248410.45312644413,95.47821778666057
2025-12-30,2026-01-04,5,497125.4653457315,343198,-153927.46534573153,153927.46534573153,44.85092143477862
2025-12-30,2026-01-05,6,515565.0338469105,300466,-215099.03384691052,215099.03384691052,71.58847718108223
2025-12-30,2026-01-06,7,515565.0338469105,411039,-104526.03384691052,104526.03384691052,25.42971198521564
